genre,count,regex that matches,formula text
"Fiction,",3003,TRUE,"=REGEXMATCH (A2, ""^Fiction,|, Fiction,|, Fiction$"")"
"Audiobook,",2869,TRUE,"=REGEXMATCH (A3, ""Audiobook"")"
"Nonfiction,",1627,TRUE,"=REGEXMATCH (A4, ""^Nonfiction,|, Nonfiction,|, Nonfiction$"")"
"Fantasy,",1459,TRUE,"=REGEXMATCH (A5, ""^Fantasy,|, Fantasy,|, Fantasy$"")"
"Romance,",1232,TRUE,"=REGEXMATCH (A6, ""^Romance,|, Romance,|, Romance$"")"
"Contemporary,",1078,TRUE,"=REGEXMATCH (A7, ""^Contemporary,|, Contemporary,|, Contemporary$"")"
"Young Adult,",987,TRUE,"=REGEXMATCH (A8, ""Young Adult,|, Young Adult$"")"
"Adult,",940,TRUE,"=REGEXMATCH (A9, ""^Adult,|, Adult,|, Adult$"")"
"Mystery,",818,TRUE,"=REGEXMATCH (A10, ""^Mystery,|, Mystery,|, Mystery$"")"
"Biography,",727,TRUE,"=REGEXMATCH (A11, ""^Biography,|, Biography,|, Biography$"")"
"Memoir,",693,TRUE,"=REGEXMATCH (A12, ""^Memoir,|, Memoir,|, Memoir$"")"
"Historical Fiction,",616,TRUE,"=REGEXMATCH (A13, ""Historical Fiction"")"
"Thriller,",576,TRUE,"=REGEXMATCH (A14, ""^Thriller,|, Thriller,|, Thriller$"")"
"Historical,",575,TRUE,"=REGEXMATCH (A15, ""^Historical,|, Historical,|, Historical$"")"
"Science Fiction,",558,TRUE,"=REGEXMATCH (A16, ""^Science Fiction,|, Science Fiction,|, Science Fiction$"")"
"History,",536,TRUE,"=REGEXMATCH (A17, ""^History,|, History,|, History$"")"
"Humor,",511,TRUE,"=REGEXMATCH (A18, ""^Humor,|, Humor,|, Humor$"")"
"Horror,",430,TRUE,"=REGEXMATCH (A19, ""^Horror,|, Horror,|, Horror$"")"
"LGBT,",407,TRUE,"=REGEXMATCH (A20, ""LGBT"")"
"Mystery Thriller,",384,TRUE,"=REGEXMATCH (A21, ""Mystery Thriller"")"
"Paranormal,",376,TRUE,"=REGEXMATCH (A22, ""^Paranormal,|, Paranormal,|, Paranormal$"")"
"Biography Memoir,",342,TRUE,"=REGEXMATCH (A23, ""Biography Memoir"")"
"Childrens,",326,TRUE,"=REGEXMATCH (A24, ""Childrens"")"
"Literary Fiction,",305,TRUE,"=REGEXMATCH (A25, ""Literary Fiction"")"
"Poetry,",292,TRUE,"=REGEXMATCH (A26, ""^Poetry,|, Poetry,|, Poetry$"")"
"Crime,",285,TRUE,"=REGEXMATCH (A27, ""^Crime,|, Crime,|, Crime$"")"
"Queer,",285,TRUE,"=REGEXMATCH (A28, ""^Queer,|, Queer,|, Queer$"")"
"Graphic Novels,",278,TRUE,"=REGEXMATCH (A29, ""^Graphic Novels,|, Graphic Novels,|, Graphic Novels"")"
"Contemporary Romance,",264,TRUE,"=REGEXMATCH (A30, ""Contemporary Romance"")"
"Magic,",261,TRUE,"=REGEXMATCH (A31, ""^Magic,|, Magic,|, Magic$"")"
"Middle Grade,",257,TRUE,"=REGEXMATCH (A32, ""Middle Grade"")"
"Science,",256,TRUE,"=REGEXMATCH (A33, ""^Science,|, Science,|, Science$"")"
"Adventure,",240,TRUE,"=REGEXMATCH (A34, ""Adventure"")"
"Politics,",240,TRUE,"=REGEXMATCH (A35, ""Politics"")"
"Comics,",228,TRUE,"=REGEXMATCH (A36, ""Comics"")"
"Food,",227,TRUE,"=REGEXMATCH (A37, ""^Food,|, Food,|, Food$"")"
"Urban Fantasy,",225,TRUE,"=REGEXMATCH (A38, ""Urban Fantasy"")"
"Feminism,",224,TRUE,"=REGEXMATCH (A39, ""Feminism"")"
"Realistic Fiction,",213,TRUE,"=REGEXMATCH (A40, ""Realistic Fiction"")"
"Suspense,",212,TRUE,"=REGEXMATCH (A41, ""Suspense"")"
"Picture Books,",210,TRUE,"=REGEXMATCH (A42, ""Picture Books"")"
"Dystopia,",208,TRUE,"=REGEXMATCH (A43, ""Dystopia"")"
"Chick Lit,",198,TRUE,"=REGEXMATCH (A44, ""Chick Lit"")"
"Self Help,",177,TRUE,"=REGEXMATCH (A45, ""Self Help"")"
"Cooking,",175,TRUE,"=REGEXMATCH (A46, ""Cooking"")"
"Comedy,",173,TRUE,"=REGEXMATCH (A47, ""Comedy"")"
"War,",168,TRUE,"=REGEXMATCH (A48, ""War"")"
"Psychology,",167,TRUE,"=REGEXMATCH (A49, ""Psychology"")"
"Cookbooks,",166,TRUE,"=REGEXMATCH (A50, ""Cookbooks"")"
"Adult Fiction,",152,TRUE,"=REGEXMATCH (A51, ""^Adult Fiction,|, Adult Fiction,|, Adult Fiction$"")"
"Mental Health,",151,TRUE,"=REGEXMATCH (A52, ""Mental Health"")"
"Autobiography,",150,TRUE,"=REGEXMATCH (A53, ""Autobiography"")"
"Essays,",150,TRUE,"=REGEXMATCH (A54, ""Essays"")"
"Race,",150,TRUE,"=REGEXMATCH (A55, ""Race"")"
"Family,",142,TRUE,"=REGEXMATCH (A56, ""Family"")"
"New Adult,",141,TRUE,"=REGEXMATCH (A57, ""New Adult"")"
"Vampires,",134,TRUE,"=REGEXMATCH (A58, ""Vampires"")"
"Animals,",133,TRUE,"=REGEXMATCH (A59, ""Animals"")"
"Graphic Novels Comics,",133,TRUE,"=REGEXMATCH (A60, ""Graphic Novels Comics"")"
"Health,",124,TRUE,"=REGEXMATCH (A61, ""Health"")"
"Young Adult Fantasy,",122,TRUE,"=REGEXMATCH (A62, ""Young Adult Fantasy"")"
"Science Fiction Fantasy,",117,TRUE,"=REGEXMATCH (A63, ""^Science Fiction Fantasy,|, Science Fiction Fantasy,|, Science Fiction Fantasy$"")"
"Mythology,",112,TRUE,"=REGEXMATCH (A64, ""Mythology"")"
"High Fantasy,",109,TRUE,"=REGEXMATCH (A65, ""High Fantasy"")"
"Magical Realism,",108,TRUE,"=REGEXMATCH (A66, ""Magical Realism"")"
"Business,",106,TRUE,"=REGEXMATCH (A67, ""Business"")"
"World War II,",105,TRUE,"=REGEXMATCH (A68, ""World War II"")"
"Nature,",103,TRUE,"=REGEXMATCH (A69, ""Nature"")"
"Reference,",103,TRUE,"=REGEXMATCH (A70, ""Reference"")"
"Space,",100,TRUE,"=REGEXMATCH (A71, ""Space,|Space$"")"
"Storytime,",99,TRUE,"=REGEXMATCH (A72, ""Storytime"")"
"American History,",97,TRUE,"=REGEXMATCH (A73, ""^American History,|, American History,|, American History$"")"
"True Crime,",97,TRUE,"=REGEXMATCH (A74, ""True Crime"")"
"Enemies To Lovers,",91,TRUE,"=REGEXMATCH (A75, ""Enemies To Lovers"")"
"Paranormal Romance,",91,TRUE,"=REGEXMATCH (A76, ""Paranormal Romance"")"
"Short Stories,",91,TRUE,"=REGEXMATCH (A77, ""Short Stories"")"
"Romantasy,",89,TRUE,"=REGEXMATCH (A78, ""Romantasy"")"
"Retellings,",88,TRUE,"=REGEXMATCH (A79, ""Retellings"")"
"Friendship,",80,TRUE,"=REGEXMATCH (A80, ""Friendship"")"
"Travel,",80,TRUE,"=REGEXMATCH (A81, ""Travel,|, Travel$"")"
"Space Opera,",79,TRUE,"=REGEXMATCH (A82, ""Space Opera"")"
"Personal Development,",72,TRUE,"=REGEXMATCH (A83, ""Personal Development"")"
"Military Fiction,",71,TRUE,"=REGEXMATCH (A84, ""Military Fiction"")"
"Social Justice,",71,TRUE,"=REGEXMATCH (A85, ""Social Justice"")"
"Art,",70,TRUE,"=REGEXMATCH (A86, ""^Art,|, Art, |, Art$"")"
"Epic Fantasy,",70,TRUE,"=REGEXMATCH (A87, ""Epic Fantasy"")"
"Philosophy,",69,TRUE,"=REGEXMATCH (A88, ""Philosophy"")"
"Sports,",67,TRUE,"=REGEXMATCH (A89, ""Sports,|, Sports$"")"
"Music,",65,TRUE,"=REGEXMATCH (A90, ""^Music,|, Music,|, Music$"")"
"Fantasy Romance,",64,TRUE,"=REGEXMATCH (A91, ""Fantasy Romance"")"
"Novels,",64,TRUE,"=REGEXMATCH (A92, ""Novels"")"
"Book Club,",63,TRUE,"=REGEXMATCH (A93, ""Book Club"")"
"Books About Books,",61,TRUE,"=REGEXMATCH (A94, ""Books About Books"")"
"Post Apocalyptic,",57,TRUE,"=REGEXMATCH (A95, ""Post Apocalyptic"")"
"Time Travel,",55,TRUE,"=REGEXMATCH (A96, ""Time Travel"")"
"Foodie,",52,TRUE,"=REGEXMATCH (A97, ""Foodie"")"
"Sociology,",52,TRUE,"=REGEXMATCH (A98, ""Sociology"")"
"Witches,",52,TRUE,"=REGEXMATCH (A99, ""Witches"")"
"African American,",51,TRUE,"=REGEXMATCH (A100, ""^African American,|, African American,|, African American$"")"
"Fae,",51,TRUE,"=REGEXMATCH (A101, ""^Fae,|, Fae,|, Fae$"")"
"Technology,",51,TRUE,"=REGEXMATCH (A102, ""Technology"")"
"Young Adult Contemporary,",51,TRUE,"=REGEXMATCH (A103, ""Young Adult Contemporary"")"
"Coming Of Age,",50,TRUE,"=REGEXMATCH (A104, ""Coming Of Age"")"
"Gothic,",50,TRUE,"=REGEXMATCH (A105, ""^Gothic,|, Gothic,|, Gothic$"")"
"Lesbian,",50,TRUE,"=REGEXMATCH (A106, ""Lesbian"")"
"Religion,",48,TRUE,"=REGEXMATCH (A107, ""Religion"")"
"Fairy Tales,",47,TRUE,"=REGEXMATCH (A108, ""Fairy Tales"")"
"Food and Drink,",47,TRUE,"=REGEXMATCH (A109, ""Food and Drink"")"
"Aliens,",43,TRUE,"=REGEXMATCH (A110, ""Aliens"")"
"Environment,",42,TRUE,"=REGEXMATCH (A111, ""^Environment,|, Environment,|, Environment$"")"
"Friends To Lovers,",42,TRUE,"=REGEXMATCH (A112, ""Friends To Lovers"")"
"Womens,",42,TRUE,"=REGEXMATCH (A113, ""Womens,|, Womens$"")"
"Erotica,",41,TRUE,"=REGEXMATCH (A114, ""Erotica"")"
"Parenting,",39,TRUE,"=REGEXMATCH (A115, ""Parenting"")"
"Asia,",38,TRUE,"=REGEXMATCH (A116, ""^Asia,|, Asia,|, Asia$"")"
"Nutrition,",38,TRUE,"=REGEXMATCH (A117, ""Nutrition"")"
"Speculative Fiction,",38,TRUE,"=REGEXMATCH (A118, ""Speculative Fiction"")"
"Economics,",37,TRUE,"=REGEXMATCH (A119, ""Economics"")"
"Zombies,",37,TRUE,"=REGEXMATCH (A120, ""Zombies"")"
"Biology,",36,TRUE,"=REGEXMATCH (A121, ""Biology"")"
"Medicine,",36,TRUE,"=REGEXMATCH (A122, ""Medicine"")"
"Dragons,",35,TRUE,"=REGEXMATCH (A123, ""Dragons"")"
"Superheroes,",34,TRUE,"=REGEXMATCH (A124, ""Superheroes"")"
"Africa,",32,TRUE,"=REGEXMATCH (A125, ""^Africa,|, Africa,|, Africa$"")"
"Literature,",32,TRUE,"=REGEXMATCH (A126, ""^Literature,|, Literature,|, Literature$"")"
"Novella,",32,TRUE,"=REGEXMATCH (A127, ""Novella"")"
"Canada,",31,TRUE,"=REGEXMATCH (A128, ""Canada"")"
"Historical Romance,",31,TRUE,"=REGEXMATCH (A129, ""Historical Romance"")"
"Comic Book,",30,TRUE,"=REGEXMATCH (A130, ""Comic Book"")"
"Ghosts,",30,TRUE,"=REGEXMATCH (A131, ""Ghosts"")"
"China,",29,TRUE,"=REGEXMATCH (A132, ""China"")"
"Medical,",29,TRUE,"=REGEXMATCH (A133, ""Medical"")"
"Supernatural,",29,TRUE,"=REGEXMATCH (A134, ""Supernatural"")"
"British Literature,",28,TRUE,"=REGEXMATCH (A135, ""British Literature"")"
"Indigenous,",28,TRUE,"=REGEXMATCH (A136, ""Indigenous"")"
"Steampunk,",28,TRUE,"=REGEXMATCH (A137, ""Steampunk"")"
"Culinary,",27,TRUE,"=REGEXMATCH (A138, ""Culinary"")"
"Leadership,",27,TRUE,"=REGEXMATCH (A139, ""Leadership"")"
"High School,",26,TRUE,"=REGEXMATCH (A140, ""High School"")"
"Psychological Thriller,",26,TRUE,"=REGEXMATCH (A141, ""Psychological Thriller"")"
"Vegan,",26,TRUE,"=REGEXMATCH (A142, ""Vegan"")"
"Christian,",25,TRUE,"=REGEXMATCH (A143, ""^Christian,|, Christian,|, Christian$"")"
"Dark Romance,",25,TRUE,"=REGEXMATCH (A144, ""Dark Romance"")"
"Shapeshifters,",25,TRUE,"=REGEXMATCH (A145, ""Shapeshifters"")"
"France,",24,TRUE,"=REGEXMATCH (A146, ""France"")"
"Grief,",24,TRUE,"=REGEXMATCH (A147, ""Grief"")"
"Pop Culture,",24,TRUE,"=REGEXMATCH (A148, ""Pop Culture"")"
"India,",23,TRUE,"=REGEXMATCH (A149, ""^India,|, India,|, India$"")"
"Mental Illness,",23,TRUE,"=REGEXMATCH (A150, ""Mental Illness"")"
"Cultural,",22,TRUE,"=REGEXMATCH (A151, ""Cultural"")"
"Abuse,",21,TRUE,"=REGEXMATCH (A152, ""Abuse"")"
"American,",20,TRUE,"=REGEXMATCH (A153, ""^American,|, American,|, American$"")"
"Ireland,",20,TRUE,"=REGEXMATCH (A154, ""Ireland"")"
"Love,",20,TRUE,"=REGEXMATCH (A155, ""^Love,|, Love,|, Love$"")"
"New York,",20,TRUE,"=REGEXMATCH (A156, ""New York"")"
"Productivity,",20,TRUE,"=REGEXMATCH (A157, ""Productivity"")"
"Romantic Suspense,",20,TRUE,"=REGEXMATCH (A158, ""Romantic Suspense"")"
"Sports Romance,",20,TRUE,"=REGEXMATCH (A159, ""Sports Romance"")"
"Teen,",20,TRUE,"=REGEXMATCH (A160, ""Teen"")"
"Action,",19,TRUE,"=REGEXMATCH (A161, ""Action"")"
"Apocalyptic,",19,TRUE,"=REGEXMATCH (A162, ""Apocalyptic"")"
"Dark,",19,TRUE,"=REGEXMATCH (A163, ""^Dark,|, Dark,|, Dark$"")"
"Death,",19,TRUE,"=REGEXMATCH (A164, ""Death"")"
"Greek Mythology,",19,TRUE,"=REGEXMATCH (A165, ""Greek Mythology"")"
"Physics,",19,TRUE,"=REGEXMATCH (A166, ""Physics"")"
"Russia,",19,TRUE,"=REGEXMATCH (A167, ""^Russia,|, Russia,|, Russia$"")"
"School,",19,TRUE,"=REGEXMATCH (A168, ""School"")"
"Werewolves,",19,TRUE,"=REGEXMATCH (A169, ""Werewolves"")"
"Asian Literature,",18,TRUE,"=REGEXMATCH (A170, ""Asian Literature"")"
"Climate Change,",18,TRUE,"=REGEXMATCH (A171, ""^Climate Change,|, Climate Change,|, Climate Change$"")"
"College,",18,TRUE,"=REGEXMATCH (A172, ""College"")"
"Holocaust,",18,TRUE,"=REGEXMATCH (A173, ""Holocaust"")"
"Writing,",18,TRUE,"=REGEXMATCH (A174, ""Writing"")"
"Young Adult Romance,",18,TRUE,"=REGEXMATCH (A175, ""Young Adult Romance"")"
"Detective,",17,TRUE,"=REGEXMATCH (A176, ""Detective"")"
"Manga,",17,TRUE,"=REGEXMATCH (A177, ""Manga"")"
"Native American,",17,TRUE,"=REGEXMATCH (A178, ""Native American"")"
"Anthologies,",16,TRUE,"=REGEXMATCH (A179, ""Anthologies"")"
"Espionage,",16,TRUE,"=REGEXMATCH (A180, ""Espionage"")"
"Presidents,",16,TRUE,"=REGEXMATCH (A181, ""Presidents"")"
"Westerns,",16,TRUE,"=REGEXMATCH (A182, ""Westerns"")"
"Birds,",15,TRUE,"=REGEXMATCH (A183, ""Birds"")"
"Dark Fantasy,",15,TRUE,"=REGEXMATCH (A184, ""Dark Fantasy"")"
"Demons,",15,TRUE,"=REGEXMATCH (A185, ""Demons"")"
"Marvel,",15,TRUE,"=REGEXMATCH (A186, ""Marvel"")"
"Second Chance,",15,TRUE,"=REGEXMATCH (A187, ""Second Chance"")"
"Anti Racist,",14,TRUE,"=REGEXMATCH (A188, ""Anti Racist"")"
"Civil War,",14,TRUE,"=REGEXMATCH (A189, ""^Civil War,|, Civil War,|, Civil War$"")"
"Classics,",14,TRUE,"=REGEXMATCH (A190, ""Classics"")"
"Dc Comics,",14,TRUE,"=REGEXMATCH (A191, ""Dc Comics"")"
"Drama,",14,TRUE,"=REGEXMATCH (A192, ""^Drama,|, Drama,|, Drama$"")"
"Faith,",14,TRUE,"=REGEXMATCH (A193, ""Faith"")"
"Juvenile,",14,TRUE,"=REGEXMATCH (A194, ""Juvenile"")"
"M M Romance,",14,TRUE,"=REGEXMATCH (A195, ""M M Romance"")"
"Military Science Fiction,",14,TRUE,"=REGEXMATCH (A196, ""Military Science Fiction"")"
"Spirituality,",14,TRUE,"=REGEXMATCH (A197, ""Spirituality"")"
"Angels,",13,TRUE,"=REGEXMATCH (A198, ""Angels"")"
"Disability,",13,TRUE,"=REGEXMATCH (A199, ""Disability"")"
"BDSM,",12,TRUE,"=REGEXMATCH (A200, ""BDSM"")"
"Cults,",12,TRUE,"=REGEXMATCH (A201, ""Cults"")"
"Education,",12,TRUE,"=REGEXMATCH (A202, ""Education"")"
"Italy,",12,TRUE,"=REGEXMATCH (A203, ""Italy"")"
"Military History,",12,TRUE,"=REGEXMATCH (A204, ""Military History"")"
"The United States Of America,",12,TRUE,"=REGEXMATCH (A205, ""The United States"")"
"21st Century,",11,TRUE,"=REGEXMATCH (A206, ""21st Century"")"
"Anthropology,",11,TRUE,"=REGEXMATCH (A207, ""Anthropology"")"
"Cats,",11,TRUE,"=REGEXMATCH (A208, ""Cats"")"
"Christmas,",11,TRUE,"=REGEXMATCH (A209, ""Christmas"")"
"Dogs,",11,TRUE,"=REGEXMATCH (A210, ""Dogs"")"
"Inspirational,",11,TRUE,"=REGEXMATCH (A211, ""Inspirational"")"
"Japan,",11,TRUE,"=REGEXMATCH (A212, ""^Japan,|, Japan,|, Japan$"")"
"Star Wars,",11,TRUE,"=REGEXMATCH (A213, ""Star Wars"")"
"Autistic Spectrum Disorder,",10,TRUE,"=REGEXMATCH (A214, ""Autistic Spectrum Disorder"")"
"Cyberpunk,",10,TRUE,"=REGEXMATCH (A215, ""Cyberpunk"")"
"Gardening,",10,TRUE,"=REGEXMATCH (A216, ""Gardening"")"
"Gay,",10,TRUE,"=REGEXMATCH (A217, ""^Gay,|, Gay,|, Gay$"")"
"Southern,",10,TRUE,"=REGEXMATCH (A218, ""Southern,|Southern$"")"
"Survival,",10,TRUE,"=REGEXMATCH (A219, ""Survival"")"
"American Revolution,",9,TRUE,"=REGEXMATCH (A220, ""^American Revolution,|, American Revolution,|, American Revolution$"")"
"Film,",9,TRUE,"=REGEXMATCH (A221, ""Film"")"
"Finance,",9,TRUE,"=REGEXMATCH (A222, ""Finance"")"
"Holiday,",9,TRUE,"=REGEXMATCH (A223, ""Holiday"")"
"Jewish,",9,TRUE,"=REGEXMATCH (A224, ""Jewish"")"
"Journalism,",9,TRUE,"=REGEXMATCH (A225, ""Journalism"")"
"Medieval,",9,TRUE,"=REGEXMATCH (A226, ""Medieval"")"
"Neuroscience,",9,TRUE,"=REGEXMATCH (A227, ""Neuroscience"")"
"Poetry Plays,",9,TRUE,"=REGEXMATCH (A228, ""Poetry Plays"")"
"Sustainability,",9,TRUE,"=REGEXMATCH (A229, ""Sustainability"")"
"Cozy Mystery,",8,TRUE,"=REGEXMATCH (A230, ""Cozy Mystery"")"
"Erotic Romance,",8,TRUE,"=REGEXMATCH (A231, ""Erotic Romance"")"
"Futuristic,",8,TRUE,"=REGEXMATCH (A232, ""Futuristic"")"
"Irish Literature,",8,TRUE,"=REGEXMATCH (A233, ""Irish Literature"")"
"Popular Science,",8,TRUE,"=REGEXMATCH (A234, ""Popular Science"")"
"Regency,",8,TRUE,"=REGEXMATCH (A235, ""^Regency,|, Regency,|, Regency$"")"
"Relationships,",8,TRUE,"=REGEXMATCH (A236, ""Relationships"")"
"Food Writing,",7,TRUE,"=REGEXMATCH (A237, ""Food Writing"")"
"Gender,",7,TRUE,"=REGEXMATCH (A238, ""^Gender,|, Gender,|, Gender$"")"
"Genetics,",7,TRUE,"=REGEXMATCH (A239, ""Genetics"")"
"Historical Mystery,",7,TRUE,"=REGEXMATCH (A240, ""Historical Mystery"")"
"Kids,",7,TRUE,"=REGEXMATCH (A241, ""Kids"")"
"Lovecraftian,",7,TRUE,"=REGEXMATCH (A242, ""Lovecraftian"")"
"Management,",7,TRUE,"=REGEXMATCH (A243, ""Management"")"
"Pirates,",7,TRUE,"=REGEXMATCH (A244, ""Pirates"")"
"Scotland,",7,TRUE,"=REGEXMATCH (A245, ""Scotland"")"
"Small Town Romance,",7,TRUE,"=REGEXMATCH (A246, ""Small Town Romance"")"
"World War I,",7,TRUE,"=REGEXMATCH (A247, ""World War I,|, World War I$"")"
"Adoption,",6,TRUE,"=REGEXMATCH (A248, ""Adoption"")"
"Alternate History,",6,TRUE,"=REGEXMATCH (A249, ""Alternate History"")"
"Astronomy,",6,TRUE,"=REGEXMATCH (A250, ""Astronomy"")"
"Australia,",6,TRUE,"=REGEXMATCH (A251, ""Australia"")"
"Banned Books,",6,TRUE,"=REGEXMATCH (A252, ""Banned Books"")"
"Basketball,",6,TRUE,"=REGEXMATCH (A253, ""Basketball"")"
"Batman,",6,TRUE,"=REGEXMATCH (A254, ""Batman"")"
"Christianity,",6,TRUE,"=REGEXMATCH (A255, ""Christianity"")"
"Cozy,",6,TRUE,"=REGEXMATCH (A256, ""^Cozy,|, Cozy,|, Cozy$"")"
"Entrepreneurship,",6,TRUE,"=REGEXMATCH (A257, ""Entrepreneurship"")"
"Epic,",6,TRUE,"=REGEXMATCH (A258, ""^Epic,|, Epic,|, Epic$"")"
"Evolution,",6,TRUE,"=REGEXMATCH (A259, ""Evolution"")"
"Germany,",6,TRUE,"=REGEXMATCH (A260, ""Germany"")"
"Mathematics,",6,TRUE,"=REGEXMATCH (A261, ""Mathematics"")"
"Nigeria,",6,TRUE,"=REGEXMATCH (A262, ""Nigeria"")"
"Plays,",6,TRUE,"=REGEXMATCH (A263, ""Plays"")"
"Tv,",6,TRUE,"=REGEXMATCH (A264, ""Tv"")"
"Weird Fiction,",6,TRUE,"=REGEXMATCH (A265, ""Weird Fiction"")"
"Archaeology,",5,TRUE,"=REGEXMATCH (A266, ""Archaeology"")"
"Atheism,",5,TRUE,"=REGEXMATCH (A267, ""Atheism"")"
"Billionaire Romance,",5,TRUE,"=REGEXMATCH (A268, ""Billionaire Romance"")"
"Computer Science,",5,TRUE,"=REGEXMATCH (A269, ""Computer Science"")"
"Dinosaurs,",5,TRUE,"=REGEXMATCH (A270, ""Dinosaurs"")"
"Futurism,",5,TRUE,"=REGEXMATCH (A271, ""Futurism"")"
"Halloween,",5,TRUE,"=REGEXMATCH (A272, ""Halloween"")"
"Photography,",5,TRUE,"=REGEXMATCH (A273, ""Photography"")"
"Political Science,",5,TRUE,"=REGEXMATCH (A274, ""Political Science"")"
"Spain,",5,TRUE,"=REGEXMATCH (A275, ""Spain"")"
"Transgender,",5,TRUE,"=REGEXMATCH (A276, ""Transgender"")"
"Tudor Period,",5,TRUE,"=REGEXMATCH (A277, ""Tudor Period"")"
"World History,",5,TRUE,"=REGEXMATCH (A278, ""World History"")"
"American Revolutionary War,",4,TRUE,"=REGEXMATCH (A279, ""American Revolutionary War"")"
"Artificial Intelligence,",4,TRUE,"=REGEXMATCH (A280, ""Artificial Intelligence"")"
"Bande Dessinée,",4,TRUE,"=REGEXMATCH (A281, ""Bande Dessinée"")"
"Baseball,",4,TRUE,"=REGEXMATCH (A282, ""Baseball"")"
"Brain,",4,TRUE,"=REGEXMATCH (A283, ""Brain"")"
"Christian Fiction,",4,TRUE,"=REGEXMATCH (A284, ""Christian Fiction"")"
"Egypt,",4,TRUE,"=REGEXMATCH (A285, ""Egypt"")"
"Fitness,",4,TRUE,"=REGEXMATCH (A286, ""Fitness"")"
"Hockey,",4,TRUE,"=REGEXMATCH (A287, ""Hockey"")"
"Japanese Literature,",4,TRUE,"=REGEXMATCH (A288, ""Japanese Literature"")"
"Language,",4,TRUE,"=REGEXMATCH (A289, ""Language"")"
"Law,",4,TRUE,"=REGEXMATCH (A290, ""Law"")"
"Linguistics,",4,TRUE,"=REGEXMATCH (A291, ""Linguistics"")"
"Queer Lit,",4,TRUE,"=REGEXMATCH (A292, ""Queer Lit"")"
"Read For School,",4,TRUE,"=REGEXMATCH (A293, ""Read For School"")"
"Sexuality,",4,TRUE,"=REGEXMATCH (A294, ""Sexuality"")"
"Unfinished,",4,TRUE,"=REGEXMATCH (A295, ""Unfinished"")"
"Womens Fiction,",4,TRUE,"=REGEXMATCH (A296, ""Womens Fiction"")"
"19th Century,",3,TRUE,"=REGEXMATCH (A297, ""19th Century"")"
"Aviation,",3,TRUE,"=REGEXMATCH (A298, ""Aviation"")"
"Buddhism,",3,TRUE,"=REGEXMATCH (A299, ""Buddhism"")"
"Climate Change Fiction,",3,TRUE,"=REGEXMATCH (A300, ""Climate Change Fiction"")"
"Collections,",3,TRUE,"=REGEXMATCH (A301, ""Collections"")"
"Comix,",3,TRUE,"=REGEXMATCH (A302, ""Comix"")"
"Crafts,",3,TRUE,"=REGEXMATCH (A303, ""Crafts"")"
"Cuisine,",3,TRUE,"=REGEXMATCH (A304, ""Cuisine"")"
"Design,",3,TRUE,"=REGEXMATCH (A305, ""Design"")"
"Ecology,",3,TRUE,"=REGEXMATCH (A306, ""Ecology"")"
"Fables,",3,TRUE,"=REGEXMATCH (A307, ""Fables"")"
"Fairies,",3,TRUE,"=REGEXMATCH (A308, ""Fairies"")"
"Fashion,",3,TRUE,"=REGEXMATCH (A309, ""Fashion"")"
"Growth Mindset,",3,TRUE,"=REGEXMATCH (A310, ""Growth Mindset"")"
"Iran,",3,TRUE,"=REGEXMATCH (A311, ""Iran"")"
"Marriage,",3,TRUE,"=REGEXMATCH (A312, ""Marriage"")"
"Monsters,",3,TRUE,"=REGEXMATCH (A313, ""Monsters"")"
"Noir,",3,TRUE,"=REGEXMATCH (A314, ""^Noir,|, Noir,|, Noir$"")"
"Outdoors,",3,TRUE,"=REGEXMATCH (A315, ""Outdoors"")"
"Reverse Harem,",3,TRUE,"=REGEXMATCH (A316, ""Reverse Harem"")"
"Robots,",3,TRUE,"=REGEXMATCH (A317, ""Robots"")"
"Role Playing Games,",3,TRUE,"=REGEXMATCH (A318, ""Role Playing Games"")"
"Scandinavian Literature,",3,TRUE,"=REGEXMATCH (A319, ""Scandinavian Literature"")"
"Star Trek,",3,TRUE,"=REGEXMATCH (A320, ""Star Trek"")"
"Teaching,",3,TRUE,"=REGEXMATCH (A321, ""Teaching"")"
"Terrorism,",3,TRUE,"=REGEXMATCH (A322, ""Terrorism"")"
"Travelogue,",3,TRUE,"=REGEXMATCH (A323, ""Travelogue"")"
"Unicorns,",3,TRUE,"=REGEXMATCH (A324, ""Unicorns"")"
"Vegetarian,",3,TRUE,"=REGEXMATCH (A325, ""Vegetarian"")"
"Wonder Woman,",3,TRUE,"=REGEXMATCH (A326, ""Wonder Woman"")"
"12th Century,",2,TRUE,"=REGEXMATCH (A327, ""12th Century"")"
"18th Century,",2,TRUE,"=REGEXMATCH (A328, ""18th Century"")"
"Agriculture,",2,TRUE,"=REGEXMATCH (A329, ""Agriculture"")"
"Amazon,",2,TRUE,"=REGEXMATCH (A330, ""Amazon"")"
"American Civil War,",2,TRUE,"=REGEXMATCH (A331, ""American Civil War"")"
"Arthurian,",2,TRUE,"=REGEXMATCH (A332, ""Arthurian"")"
"Back To School,",2,TRUE,"=REGEXMATCH (A333, ""Back To School"")"
"Christian Living,",2,TRUE,"=REGEXMATCH (A334, ""Christian Living"")"
"Clean Romance,",2,TRUE,"=REGEXMATCH (A335, ""Clean Romance"")"
"Communication,",2,TRUE,"=REGEXMATCH (A336, ""Communication"")"
"Counting,",2,TRUE,"=REGEXMATCH (A337, ""Counting"")"
"Cycling,",2,TRUE,"=REGEXMATCH (A338, ""Cycling"")"
"Diary,",2,TRUE,"=REGEXMATCH (A339, ""Diary"")"
"Diets,",2,TRUE,"=REGEXMATCH (A340, ""Diets"")"
"Dungeons and Dragons,",2,TRUE,"=REGEXMATCH (A341, ""Dungeons and Dragons"")"
"Emotion,",2,TRUE,"=REGEXMATCH (A342, ""Emotion"")"
"Fighters,",2,TRUE,"=REGEXMATCH (A343, ""Fighters"")"
"French Revolution,",2,TRUE,"=REGEXMATCH (A344, ""French Revolution"")"
"Gaming,",2,TRUE,"=REGEXMATCH (A345, ""Gaming"")"
"Gay For You,",2,TRUE,"=REGEXMATCH (A346, ""Gay For You"")"
"Geography,",2,TRUE,"=REGEXMATCH (A347, ""Geography"")"
"Hard Science Fiction,",2,TRUE,"=REGEXMATCH (A348, ""Hard Science Fiction"")"
"Historical Fantasy,",2,TRUE,"=REGEXMATCH (A349, ""Historical Fantasy"")"
"Indian Literature,",2,TRUE,"=REGEXMATCH (A350, ""Indian Literature"")"
"Israel,",2,TRUE,"=REGEXMATCH (A351, ""Israel"")"
"Knitting,",2,TRUE,"=REGEXMATCH (A352, ""Knitting"")"
"Latin American,",2,TRUE,"=REGEXMATCH (A353, ""^Latin American,|, Latin American,|, Latin American$"")"
"Legal Thriller,",2,TRUE,"=REGEXMATCH (A354, ""Legal Thriller"")"
"Mafia Romance,",2,TRUE,"=REGEXMATCH (A355, ""Mafia Romance"")"
"Menage,",2,TRUE,"=REGEXMATCH (A356, ""Menage"")"
"Microhistory,",2,TRUE,"=REGEXMATCH (A357, ""Microhistory"")"
"Money,",2,TRUE,"=REGEXMATCH (A358, ""Money"")"
"Muslims,",2,TRUE,"=REGEXMATCH (A359, ""Muslims"")"
"Natural History,",2,TRUE,"=REGEXMATCH (A360, ""Natural History"")"
"Near Future,",2,TRUE,"=REGEXMATCH (A361, ""Near Future"")"
"Nordic Noir,",2,TRUE,"=REGEXMATCH (A362, ""Nordic Noir"")"
"Poverty,",2,TRUE,"=REGEXMATCH (A363, ""Poverty"")"
"Quantum Mechanics,",2,TRUE,"=REGEXMATCH (A364, ""Quantum Mechanics"")"
"Road Trip,",2,TRUE,"=REGEXMATCH (A365, ""Road Trip"")"
"Social Science,",2,TRUE,"=REGEXMATCH (A366, ""Social Science"")"
"Southern Gothic,",2,TRUE,"=REGEXMATCH (A367, ""Southern Gothic"")"
"Theology,",2,TRUE,"=REGEXMATCH (A368, ""Theology"")"
"Wine,",2,TRUE,"=REGEXMATCH (A369, ""Wine"")"
"Workplace Romance,",2,TRUE,"=REGEXMATCH (A370, ""Workplace Romance"")"
"17th Century,",1,TRUE,"=REGEXMATCH (A371, ""17th Century"")"
"Activism,",1,TRUE,"=REGEXMATCH (A372, ""Activism"")"
"Aeroplanes,",1,TRUE,"=REGEXMATCH (A373, ""Aeroplanes"")"
"African American Literature,",1,TRUE,"=REGEXMATCH (A374, ""African American Literature"")"
"African American Romance,",1,TRUE,"=REGEXMATCH (A375, ""African American Romance"")"
"African Literature,",1,TRUE,"=REGEXMATCH (A376, ""African Literature"")"
"Ancient History,",1,TRUE,"=REGEXMATCH (A377, ""Ancient History"")"
"Architecture,",1,TRUE,"=REGEXMATCH (A378, ""Architecture"")"
"Art and Photography,",1,TRUE,"=REGEXMATCH (A379, ""Art and Photography"")"
"Bangladesh,",1,TRUE,"=REGEXMATCH (A380, ""Bangladesh"")"
"Beauty and The Beast,",1,TRUE,"=REGEXMATCH (A381, ""Beauty and The Beast"")"
"Bicycles,",1,TRUE,"=REGEXMATCH (A382, ""Bicycles"")"
"Bolivia,",1,TRUE,"=REGEXMATCH (A383, ""Bolivia"")"
"Botswana,",1,TRUE,"=REGEXMATCH (A384, ""Botswana"")"
"Buffy The Vampire Slayer,",1,TRUE,"=REGEXMATCH (A385, ""Buffy The Vampire Slayer"")"
"Buisness,",1,TRUE,"=REGEXMATCH (A386, ""Buisness"")"
"Cartography,",1,TRUE,"=REGEXMATCH (A387, ""Cartography"")"
"Catholic,",1,TRUE,"=REGEXMATCH (A388, ""Catholic"")"
"Chemistry,",1,TRUE,"=REGEXMATCH (A389, ""Chemistry"")"
"Chess,",1,TRUE,"=REGEXMATCH (A390, ""Chess"")"
"Choose Your Own Adventure,",1,TRUE,"=REGEXMATCH (A391, ""Choose Your Own Adventure"")"
"Cocktails,",1,TRUE,"=REGEXMATCH (A392, ""Cocktails"")"
"Comedian,",1,TRUE,"=REGEXMATCH (A393, ""Comedian"")"
"Computers,",1,TRUE,"=REGEXMATCH (A394, ""Computers"")"
"Conservation,",1,TRUE,"=REGEXMATCH (A395, ""Conservation"")"
"Cthulhu Mythos,",1,TRUE,"=REGEXMATCH (A396, ""Cthulhu Mythos"")"
"Engineering,",1,TRUE,"=REGEXMATCH (A397, ""Engineering"")"
"European History,",1,TRUE,"=REGEXMATCH (A398, ""European History"")"
"Fandom,",1,TRUE,"=REGEXMATCH (A399, ""Fandom"")"
"Female Authors,",1,TRUE,"=REGEXMATCH (A400, ""Female Authors"")"
"Food History,",1,TRUE,"=REGEXMATCH (A401, ""Food History"")"
"Food Preservation,",1,TRUE,"=REGEXMATCH (A402, ""Food Preservation"")"
"Forgotten Realms,",1,TRUE,"=REGEXMATCH (A403, ""Forgotten Realms"")"
"Fostering,",1,TRUE,"=REGEXMATCH (A404, ""Fostering"")"
"Fractured Fairy Tales,",1,TRUE,"=REGEXMATCH (A405, ""Fractured Fairy Tales"")"
"Games,",1,TRUE,"=REGEXMATCH (A406, ""Games"")"
"Geology,",1,TRUE,"=REGEXMATCH (A407, ""Geology"")"
"Google,",1,TRUE,"=REGEXMATCH (A408, ""Google"")"
"Green,",1,TRUE,"=REGEXMATCH (A409, ""Green"")"
"Hip Hop,",1,TRUE,"=REGEXMATCH (A410, ""Hip Hop"")"
"Horses,",1,TRUE,"=REGEXMATCH (A411, ""Horses"")"
"How To,",1,TRUE,"=REGEXMATCH (A412, ""How To"")"
"Illness,",1,TRUE,"=REGEXMATCH (A413, ""Illness"")"
"Internet,",1,TRUE,"=REGEXMATCH (A414, ""Internet"")"
"Italian Literature,",1,TRUE,"=REGEXMATCH (A415, ""Italian Literature"")"
"Judaism,",1,TRUE,"=REGEXMATCH (A416, ""Judaism"")"
"Latin American History,",1,TRUE,"=REGEXMATCH (A417, ""Latin American History"")"
"Lds,",1,TRUE,"=REGEXMATCH (A418, ""Lds"")"
"Literary Criticism,",1,TRUE,"=REGEXMATCH (A419, ""Literary Criticism"")"
"M M M,",1,TRUE,"=REGEXMATCH (A420, ""M M M"")"
"Manhwa,",1,TRUE,"=REGEXMATCH (A421, ""Manhwa"")"
"Maps,",1,TRUE,"=REGEXMATCH (A422, ""Maps"")"
"Media Tie In,",1,TRUE,"=REGEXMATCH (A423, ""Media Tie In"")"
"Mermaids,",1,TRUE,"=REGEXMATCH (A424, ""Mermaids"")"
"Military Romance,",1,TRUE,"=REGEXMATCH (A425, ""Military Romance"")"
"Motorcycle,",1,TRUE,"=REGEXMATCH (A426, ""Motorcycle"")"
"Mountaineering,",1,TRUE,"=REGEXMATCH (A427, ""Mountaineering"")"
"Musicians,",1,TRUE,"=REGEXMATCH (A428, ""Musicians"")"
"Nursery Rhymes,",1,TRUE,"=REGEXMATCH (A429, ""Nursery Rhymes"")"
"Personal Finance,",1,TRUE,"=REGEXMATCH (A430, ""Personal Finance"")"
"Plantagenet,",1,TRUE,"=REGEXMATCH (A431, ""Plantagenet"")"
"Plants,",1,TRUE,"=REGEXMATCH (A432, ""Plants"")"
"Poland,",1,TRUE,"=REGEXMATCH (A433, ""Poland"")"
"Polyamory,",1,TRUE,"=REGEXMATCH (A434, ""Polyamory"")"
"Princesses,",1,TRUE,"=REGEXMATCH (A435, ""Princesses"")"
"Psychoanalysis,",1,TRUE,"=REGEXMATCH (A436, ""Psychoanalysis"")"
"Rabbits,",1,TRUE,"=REGEXMATCH (A437, ""Rabbits"")"
"Regency Romance,",1,TRUE,"=REGEXMATCH (A438, ""Regency Romance"")"
"Romania,",1,TRUE,"=REGEXMATCH (A439, ""Romania"")"
"Russian History,",1,TRUE,"=REGEXMATCH (A440, ""Russian History"")"
"Rwanda,",1,TRUE,"=REGEXMATCH (A441, ""Rwanda"")"
"Short Story Collection,",1,TRUE,"=REGEXMATCH (A442, ""Short Story Collection"")"
"Slice Of Life,",1,TRUE,"=REGEXMATCH (A443, ""Slice Of Life"")"
"Social Issues,",1,TRUE,"=REGEXMATCH (A444, ""Social Issues"")"
"South Africa,",1,TRUE,"=REGEXMATCH (A445, ""South Africa"")"
"Spanish Civil War,",1,TRUE,"=REGEXMATCH (A446, ""Spanish Civil War"")"
"Spanish Literature,",1,TRUE,"=REGEXMATCH (A447, ""Spanish Literature"")"
"Spy Thriller,",1,TRUE,"=REGEXMATCH (A448, ""Spy Thriller"")"
"Sudan,",1,TRUE,"=REGEXMATCH (A449, ""Sudan"")"
"Tanzania,",1,TRUE,"=REGEXMATCH (A450, ""Tanzania"")"
"Tea,",1,TRUE,"=REGEXMATCH (A451, ""Tea,|, Tea$"")"
"Teachers,",1,TRUE,"=REGEXMATCH (A452, ""Teachers"")"
"Theatre,",1,TRUE,"=REGEXMATCH (A453, ""^Theatre,|, Theatre,|, Theatre$"")"
"Turkish Literature,",1,TRUE,"=REGEXMATCH (A454, ""Turkish Literature"")"
"Turkish,",1,TRUE,"=REGEXMATCH (A455, ""Turkish,|, Turkish$"")"
"Ukraine,",1,TRUE,"=REGEXMATCH (A456, ""Ukraine"")"
"Urbanism,",1,TRUE,"=REGEXMATCH (A457, ""Urbanism"")"
"Video Games,",1,TRUE,"=REGEXMATCH (A458, ""Video Games"")"
"Witchcraft,",1,TRUE,"=REGEXMATCH (A459, ""Witchcraft"")"
"Zen,",1,TRUE,"=REGEXMATCH (A460, ""Zen"")"